dataset,silhouette_score,calinski_harabasz_score,davies_bouldin_score,norm_davies_bouldin_score
kampff_c28_channel0,0.10550595365813231,8136.856310921049,1.8905207083527227,0.34595842787436365
kampff_c28_channel1,0.16307029697418676,8048.170820448589,1.5043292284395229,0.3993085208781083
kampff_c28_channel2,0.09260918709015926,2517.0845098687073,2.2609453206000705,0.306659542459296
