dataset,silhouette_score,calinski_harabasz_score,davies_bouldin_score,norm_davies_bouldin_score
kampff_c28_channel0,0.1722321700027029,8392.767714708669,1.5015632734188966,0.39975003255995845
kampff_c28_channel1,0.1612813530257233,7567.4172819020905,1.5912671652455592,0.38591157770689993
kampff_c28_channel2,0.13467348579632155,3004.7756388822054,1.6493138131047123,0.37745622849718474
