dataset,silhouette_score,calinski_harabasz_score,davies_bouldin_score,norm_davies_bouldin_score
kampff_c28_channel0,-0.14776896575977524,36.05468723374219,16.378823026816132,0.05754129600473893
kampff_c28_channel1,-0.10987664282216554,51.0811155853867,10.309629822981016,0.08842022379618591
kampff_c28_channel2,-0.014411940885256836,15.028400690455117,41.2385520534187,0.023675053982326603
