dataset,silhouette_score,calinski_harabasz_score,davies_bouldin_score,norm_davies_bouldin_score
kampff_c28_channel0,-0.04113539306620074,1180.3571189449563,4.261413248216373,0.19006300262367748
kampff_c28_channel1,-0.026297276961105513,748.5157866935693,3.895905500809204,0.20425230834923555
kampff_c28_channel2,0.01514793427228158,906.6647947016734,3.0830082767746365,0.2449174560062239
