dataset,silhouette_score,calinski_harabasz_score,davies_bouldin_score,norm_davies_bouldin_score
kampff_c28_channel0,0.6532691411755075,5312.870341738001,0.7669722969743742,0.5659398292278391
kampff_c28_channel1,0.16568712837372784,3684.8468619440405,1.179584886205445,0.4588029612101747
kampff_c28_channel2,0.5085063905669599,1662.8438701218256,1.0932767915293415,0.4777199097828831
