dataset,silhouette_score,calinski_harabasz_score,davies_bouldin_score,norm_davies_bouldin_score
kampff_c28_channel0,0.18618351134386146,9562.247311049367,1.2227655192672988,0.4498900092393169
kampff_c28_channel1,0.20908457471380887,8679.632322585772,1.264565803481196,0.44158575496581
kampff_c28_channel2,0.14626314242375918,2990.926717740029,1.5466697231241466,0.39266968579390116
