dataset,silhouette_score,calinski_harabasz_score,davies_bouldin_score,norm_davies_bouldin_score
kampff_c28_channel0,0.05889695371731736,2453.5525164273213,1.991274146837069,0.334305700818959
kampff_c28_channel1,0.08163936230194174,2839.9835985172426,1.7269294766671976,0.36671282061250127
kampff_c28_channel2,0.027760524634618144,1312.0808583125383,2.3065328786874923,0.30243159124337626
