dataset,fe_algorithm,clustering_algorithm,normalization,adjusted_rand_score,adjusted_mutual_info_score,purity_score,silhouette_score,calinski_harabasz_score,davies_bouldin_score,norm_davies_bouldin_score,average_score,fe_n_components,fe_fun,fe_max_iter,fe_tol,clust_n_clusters
Sim1,ica,kmeans,,0.474751723429587,0.7187145063261398,0.757076257076257,0.14978776638620758,2819.855962303019,2.2968644701503247,0.30331850431037094,0.4807297515057124,2,logcosh,200,0.001,17
Sim1,ica,kmeans,minmax,0.3518972895540221,0.6200419635829425,0.6606726606726607,0.0625370793755646,1057.763437070922,3.2764417707694067,0.23383926488494722,0.38579765161402746,2,logcosh,200,0.001,17
Sim1,ica,kmeans,standard,0.17973585255035737,0.41700718873724313,0.45895770895770893,0.03052157085630545,715.8993934284161,4.132552698585985,0.19483482366883428,0.25621142895408977,2,logcosh,200,0.001,17
Sim1,ica,kmeans,robust,0.19817682771412362,0.4598275780083846,0.4930902430902431,0.04119483660165901,970.7703030233339,4.212291986267362,0.19185417905110919,0.2768287328931039,2,logcosh,200,0.001,17
