dataset,fe_algorithm,clustering_algorithm,normalization,adjusted_rand_score,adjusted_mutual_info_score,purity_score,silhouette_score,calinski_harabasz_score,davies_bouldin_score,norm_davies_bouldin_score,average_score,fe_n_neighbors,fe_n_components,fe_eigen_solver,fe_path_method,fe_n_jobs,clust_n_clusters
Sim1,isomap,kmeans,,0.5865971675408507,0.8132762810908222,0.8717116217116218,0.19938646231659507,3370.64904449045,1.8980080656446043,0.3450646020812816,0.5632072269482343,100,2,arpack,D,-1,17
Sim1,isomap,kmeans,minmax,0.5080471763069864,0.7357380583617531,0.8244255744255744,0.10143228764460256,1174.2609649681547,2.8350321565939804,0.26075400652914815,0.486079420653613,100,2,arpack,D,-1,17
Sim1,isomap,kmeans,standard,0.20268386232595795,0.46182307792288657,0.5044955044955045,0.038023639104865385,710.7034630337997,3.718536197043816,0.21193013219364606,0.2837912432085721,100,2,arpack,D,-1,17
Sim1,isomap,kmeans,robust,0.3364306893344741,0.6108504232508816,0.6081418581418582,0.05589645876736942,1032.9636765164053,3.582614606278449,0.21821603733160141,0.3659070933652369,100,2,arpack,D,-1,17
