dataset,fe_algorithm,clustering_algorithm,normalization,adjusted_rand_score,adjusted_mutual_info_score,purity_score,silhouette_score,calinski_harabasz_score,davies_bouldin_score,norm_davies_bouldin_score,average_score,fe_n_components,clust_n_clusters
Sim1,pca,kmeans,,0.4964710020684745,0.7373654406658096,0.767066267066267,0.17731327745079878,3030.3027418795195,2.034122886246165,0.3295845413951595,0.5015601057293019,2,17
Sim1,pca,kmeans,minmax,0.39678234389902906,0.6423735198575596,0.6957209457209457,0.08982217585222813,1094.9748665623704,3.082553669462318,0.24494472846249257,0.41392874275845104,2,17
Sim1,pca,kmeans,standard,0.1857680847191724,0.44378695383580374,0.494005994005994,0.04417373829412028,738.1251051521039,3.527505245620864,0.2208721902569256,0.2777213922224032,2,17
Sim1,pca,kmeans,robust,0.2121632182418955,0.47841480812866655,0.5234765234765235,0.05366683735426972,1004.9656534801509,3.4426002807353093,0.22509339954268556,0.29856295734880817,2,17
