dataset,adjusted_rand_score,adjusted_mutual_info_score,purity_score,silhouette_score,calinski_harabasz_score,davies_bouldin_score,norm_davies_bouldin_score
Sim1,0.7159361807137246,0.882251906884916,0.918997668997669,0.23090851652248862,3781.028239551461,1.6043421360159915,0.3839741277349052
Sim2,0.6682417386946036,0.8440667294318375,0.8993272841051314,0.18742265685084047,2695.84452108115,2.0732068554393526,0.3253930005492708
Sim3,0.5503938036615178,0.8015146678245807,0.8436994718120082,0.20478587075017168,3435.308263373778,2.2246313914504463,0.31011296443101294
Sim4,0.8966043143001245,0.8498100719481516,0.9358299200312074,0.24396733620324246,1808.812879665342,1.5163825610630624,0.39739585525403714
