dataset,adjusted_rand_score,adjusted_mutual_info_score,purity_score,silhouette_score,calinski_harabasz_score,davies_bouldin_score,time,norm_davies_bouldin_score
kampff_c28,0.06740387684921058,0.060225756911810126,0.847618023443381,0.16927464306354523,656.3329907304267,2.2494818898076088,29.85326886177063,0.3077413673658624
kampff_c37,-0.010227716669168978,0.0005575595511273234,0.851664984863774,-0.03170644864439964,1.8125779839270626,29.84833721325094,13.433409690856934,0.03241665808718043
