dataset,adjusted_rand_score,adjusted_mutual_info_score,purity_score,silhouette_score,calinski_harabasz_score,davies_bouldin_score,time,norm_davies_bouldin_score
kampff_c28,0.035614788021386685,0.029904676334715583,0.847618023443381,0.060929521918296814,374.55859956851356,2.998170722212665,25.86049280166626,0.2501143821708996
kampff_c37,-0.004486084481783257,0.0011079990727399576,0.851664984863774,-0.061673637479543686,14.041891002345784,9.935458732987678,11.055392932891845,0.09144563793957913
