dataset,silhouette_score,calinski_harabasz_score,davies_bouldin_score,norm_davies_bouldin_score
m045_c0,-0.00025569591260008633,1624.1754389528417,3.105353337859257,0.24358439279222957
