dataset,adjusted_rand_score,adjusted_mutual_info_score,purity_score,silhouette_score,calinski_harabasz_score,davies_bouldin_score,norm_davies_bouldin_score
kampff_c28,0.040059676142131684,0.0789245431117365,0.847618023443381,0.07402595,864.9559496276327,1.6715979060074968,0.37430782444893634
kampff_c37,-0.026607090069903166,0.008563597036383151,0.851664984863774,-0.076605,10.12412489595322,10.499538779765064,0.08696000936660435
