dataset,adjusted_rand_score,adjusted_mutual_info_score,purity_score,silhouette_score,calinski_harabasz_score,davies_bouldin_score,norm_davies_bouldin_score
Sim1,0.6308226013710132,0.8473032975070328,0.7293539793539794,0.16719186021678661,2359.2874328334665,1.1200595491327807,0.4716848639506632
Sim2,0.7135795205988648,0.8679772798082124,0.742255944931164,0.22528744242291496,1962.5026362121355,1.2228703807966228,0.4498687861600028
Sim3,0.6144110681478676,0.8203319307960157,0.7490568071574862,0.23920593664769887,2542.9529675492645,3.0434638414149293,0.2473127098992605
Sim4,0.8043388400712549,0.8904866954339203,0.9143748780963527,0.22580823195597138,1870.10190511268,1.04194371381434,0.4897294637627427
Sim5,0.45595890025634955,0.7175624868517392,0.5877700289164824,0.06595184050476362,1035.587089262365,2.1192549847761377,0.3205893730652378
Sim6,0.853909903346962,0.8984732416587834,0.8126840761829963,0.2536686849310927,2423.085964863067,1.3804819157024866,0.4200830064717787
