dataset,adjusted_rand_score,adjusted_mutual_info_score,purity_score,silhouette_score,calinski_harabasz_score,davies_bouldin_score,time,norm_davies_bouldin_score
kampff_c28,0.0017837743785503644,0.001325262000085693,0.8478331003333692,0.6343210989898765,4.885107406414058,2.8044628259453033,42.52163100242615,0.26284919731119405
kampff_c37,0.00435300005379876,0.0019941009448935705,0.8519172552976791,0.6388952953585897,2.711135051478306,3.2281408071342446,5.477769136428833,0.23651057181271629
