dataset,adjusted_rand_score,adjusted_mutual_info_score,purity_score,silhouette_score,calinski_harabasz_score,davies_bouldin_score,norm_davies_bouldin_score
Sim1,-0.0001405051080237454,-0.00023848153708313152,0.2345987345987346,-0.2990741517214499,1.1108371761331,8.523733679121976,0.1050008361943394
Sim2,0.000394910715816441,0.00041086784016980984,0.22121401752190237,-0.27385694736123006,1.5100541780505226,7.4135784377695115,0.11885549144117871
Sim3,-0.0010285975604676055,0.0015101444614235373,0.299558046782365,-0.3061160688411008,1.3595847103834808,8.635706633902345,0.10378066061928372
Sim4,-0.00032986831393711473,-0.0007464143556391168,0.556855861127365,-0.1270538238049515,1.0186645369332878,4.3729982713852396,0.18611582388285136
Sim5,-0.00010048674166181078,-0.00011984700121319866,0.23813573737030108,-0.19654465665930015,1.1375100629319561,7.06819771608324,0.12394341774825228
Sim6,-0.00047136607300869693,3.801826158620508e-06,0.2741017082269782,-0.34274872725958955,1.1426586535866434,4.277516720237494,0.18948305671213467
Sim7,1.8976788248640638e-05,0.0001407788946305314,0.20108579184227446,-0.3755288967294399,1.4172895023637688,5.481433382448112,0.1542868592475278
Sim8,-0.0097945079786039,-0.0008732432618593016,0.8692043503148255,0.05421581626615651,1.2238900162579949,10.065822462855584,0.09036833939426366
