dataset,adjusted_rand_score,adjusted_mutual_info_score,purity_score,silhouette_score,calinski_harabasz_score,davies_bouldin_score,time,norm_davies_bouldin_score
kampff_c28,0.2277113858087821,0.28920241826850207,0.9278417034089687,0.42268376989067635,2558.113819146334,1.182386093080083,0.02360367774963379,0.45821406357509487
kampff_c37,0.25698013374069345,0.343229999387727,0.9475277497477296,0.4852531430903728,1784.7688704670018,0.9923867247398205,0.01250314712524414,0.501910591745479
