dataset,adjusted_rand_score,adjusted_mutual_info_score,purity_score,silhouette_score,calinski_harabasz_score,davies_bouldin_score,norm_davies_bouldin_score
Sim53,0.521897084535381,0.706988038902172,0.9514476614699332,0.19864645688405821,1610.771228525406,1.6851204631343242,0.37242276975264876
Sim67,0.49293244447873724,0.716902359202386,0.7552078755383669,0.16182969663014252,3495.582231631563,1.7450013367198547,0.36429854755369706
Sim81,0.5269896231740251,0.7374279052125947,0.7773718029482172,0.2264719515039482,5362.919731813448,1.8991121435464164,0.34493319005477424
Sim86,0.4359000075421947,0.6960865212668622,0.7177728027731639,0.10115384358221406,2765.4784565874065,3.0846974536416276,0.2448161733761874
