dataset,adjusted_rand_score,adjusted_mutual_info_score,purity_score,silhouette_score,calinski_harabasz_score,davies_bouldin_score,time,norm_davies_bouldin_score
kampff_c28,0.22843596875942823,0.2892646013668096,0.9277341649639747,0.4226837698906763,2558.1138191463297,1.182386093080084,0.04305100440979004,0.4582140635750946
kampff_c37,0.2532905654577796,0.3403553396593146,0.9472754793138244,0.4852531430903728,1784.7688704670006,0.9923867247398207,0.010949850082397461,0.5019105917454789
