dataset,adjusted_rand_score,adjusted_mutual_info_score,purity_score,silhouette_score,calinski_harabasz_score,davies_bouldin_score,norm_davies_bouldin_score
Sim53,0.9940211649140689,0.9833618786465069,0.9973273942093541,0.31477330691186095,1498.0976714697595,1.1676862675459752,0.4613213706114834
Sim67,0.5846408502288624,0.7748721432029216,0.7689197503735606,0.19787412742246982,4064.051782448275,1.7855180591120943,0.35899964702392123
Sim81,0.6472964543468855,0.8188746189525561,0.9031120070555626,0.2664861148426452,5759.539481686755,1.4227069337316214,0.41276143889997063
Sim86,0.5878767692181892,0.7922979242025805,0.788979562360078,0.16471439806035224,3590.931461054075,2.4254953330777873,0.29192858339161887
