dataset,adjusted_rand_score,adjusted_mutual_info_score,purity_score,silhouette_score,calinski_harabasz_score,davies_bouldin_score,time,norm_davies_bouldin_score
kampff_c28,0.23691430555110582,0.3153602217775132,0.9406387783632648,0.5473557632532858,5240.247745738214,0.7209876697751648,32.38542103767395,0.5810616877520355
kampff_c37,0.37483726465948336,0.4072662197021418,0.9571140262361252,0.6111423739261167,4670.308109454037,0.591971945053856,5.031996250152588,0.628151773093068
