dataset,silhouette_score,calinski_harabasz_score,davies_bouldin_score,norm_davies_bouldin_score
m045_c0,0.4347890594194612,5275.701872051956,1.3918940463994849,0.4180787194588735
