dataset,adjusted_rand_score,adjusted_mutual_info_score,purity_score,silhouette_score,calinski_harabasz_score,davies_bouldin_score,time,norm_davies_bouldin_score
kampff_c28,0.23686716508227426,0.31529464158659004,0.9406387783632648,0.5473557632532859,5240.247745738216,0.7209876697751645,40.16248235702515,0.5810616877520356
kampff_c37,0.35186320874397536,0.3988780980013591,0.9561049445005045,0.6111423739261167,4670.3081094540275,0.5919719450538569,5.619261026382446,0.6281517730930677
