dataset,adjusted_rand_score,adjusted_mutual_info_score,purity_score,silhouette_score,calinski_harabasz_score,davies_bouldin_score,norm_davies_bouldin_score
kampff_c28,0.6297644500042546,0.4395565291894881,0.9392407785783418,0.5473557632532862,5240.247745738221,0.7209876697751639,0.5810616877520358
kampff_c37,0.3742766618204329,0.40706609400098565,0.9571140262361252,0.6111423739261167,4670.308109454028,0.5919719450538568,0.6281517730930678
