dataset,adjusted_rand_score,adjusted_mutual_info_score,purity_score,silhouette_score,calinski_harabasz_score,davies_bouldin_score,time,norm_davies_bouldin_score
kampff_c28,0.24098008345358202,0.3031204114373195,0.9317130874287558,0.32216669764113876,1859.3978074037846,1.558196834530279,0.0020949840545654297,0.3909003351509557
kampff_c37,0.2687824892090801,0.3748949941934157,0.9510595358224017,0.4068684396668512,1532.012837948388,1.141904343066084,0.0007277965545654297,0.4668742575910389
