dataset,adjusted_rand_score,adjusted_mutual_info_score,purity_score,silhouette_score,calinski_harabasz_score,davies_bouldin_score,time,norm_davies_bouldin_score
kampff_c28,0.24072723077751,0.30248793143146335,0.9314980105387676,0.32216669764113876,1859.3978074037846,1.558196834530279,0.003523111343383789,0.3909003351509557
kampff_c37,0.2680498483597138,0.37465687419190646,0.9510595358224017,0.4068684396668512,1532.012837948388,1.141904343066084,0.0008821487426757812,0.4668742575910389
