dataset,adjusted_rand_score,adjusted_mutual_info_score,purity_score,silhouette_score,calinski_harabasz_score,davies_bouldin_score,norm_davies_bouldin_score
kampff_c28,0.042309325851250634,0.012841690486039758,0.847618023443381,0.28057539662575565,9.001469484323511,5.649672266157315,0.15038335123512425
kampff_c37,-0.0016580768956417592,-0.00039661629859616377,0.851664984863774,-0.7012442885209835,0.35833486081420124,2.415952297916058,0.29274413480834083
