dataset,adjusted_rand_score,adjusted_mutual_info_score,purity_score,silhouette_score,calinski_harabasz_score,davies_bouldin_score,time,norm_davies_bouldin_score
kampff_c28,-0.012336119358337623,0.00435998704667358,0.847618023443381,-0.32418255369199406,1.6716240386997137,7.278391843860593,0.9893228530883789,0.12079640815040886
kampff_c37,-0.0016580768956417592,-0.00039661629859739233,0.851664984863774,-0.7012442425646831,0.35833492659212973,2.4159521443065755,0.19066200256347657,0.29274414797254017
