dataset,adjusted_rand_score,adjusted_mutual_info_score,purity_score,silhouette_score,calinski_harabasz_score,davies_bouldin_score,time,norm_davies_bouldin_score
kampff_c28,-0.037036332967853906,0.013751258321453451,0.847618023443381,-0.3271882334039351,0.8926708458873529,14.617133508254318,0.9445559978485107,0.0640322373802758
kampff_c37,-0.0016580768956417592,-0.00039661629859739233,0.851664984863774,-0.7012443611607506,0.35833509638011923,2.4159514379292344,0.182938814163208,0.2927442085084806
