dataset,silhouette_score,calinski_harabasz_score,davies_bouldin_score,norm_davies_bouldin_score
m045_c0,-0.30714207389238735,50.88692307820121,7.390120681629957,0.11918779692757994
