dataset,adjusted_rand_score,adjusted_mutual_info_score,purity_score,silhouette_score,calinski_harabasz_score,davies_bouldin_score,time,norm_davies_bouldin_score
kampff_c28,0.1343895465762486,0.24788095212873604,0.9061189375201635,0.36975468552541657,2489.8887384358572,1.0187665567636621,38.78475399017334,0.4953519745260325
kampff_c37,0.2601437196842015,0.35309473074322223,0.9475277497477296,0.4789261115480839,1767.4933850987882,0.9073524090293761,4.398645639419556,0.524286962003464
