dataset,silhouette_score,calinski_harabasz_score,davies_bouldin_score,norm_davies_bouldin_score
m045_c0,0.35769409515553385,3411.8389518661197,2.1611630646465003,0.3163392648685859
