dataset,adjusted_rand_score,adjusted_mutual_info_score,purity_score,silhouette_score,calinski_harabasz_score,davies_bouldin_score,time,norm_davies_bouldin_score
kampff_c28,0.21888197606953178,0.28045490017922975,0.9113883213248737,0.36975468552609153,2489.888738441279,1.0187665567642779,39.96297287940979,0.49535197452588153
kampff_c37,0.26019240272558236,0.35310842010907967,0.9475277497477296,0.4789261115480383,1767.4933850988857,0.9073524090293744,4.577327013015747,0.5242869620034645
