dataset,adjusted_rand_score,adjusted_mutual_info_score,purity_score,silhouette_score,calinski_harabasz_score,davies_bouldin_score,time,norm_davies_bouldin_score
kampff_c28,-0.0008796847697463081,-0.0002827871943618472,0.847618023443381,-0.4378557490301048,0.2097407058451445,14.642318870526568,36.39050006866455,0.06392914044759765
kampff_c37,-0.00329611586260891,0.00024055055653737287,0.851664984863774,-0.5015766330734523,0.2319513388717853,11.216307207100572,3.098581075668335,0.08185779737257777
