dataset,adjusted_rand_score,adjusted_mutual_info_score,purity_score,silhouette_score,calinski_harabasz_score,davies_bouldin_score,time,norm_davies_bouldin_score
kampff_c28,0.23051083676475081,0.3001766614054863,0.9280567802989569,0.4155432181197077,3070.5791338341783,1.0523948197233852,4142.048586368561,0.48723568700820274
kampff_c37,0.23631413051516229,0.3388992233199523,0.9308779011099899,0.49175507520337963,2362.7337737529597,0.8085602548905519,499.62579526901243,0.5529260069140006
