dataset,adjusted_rand_score,adjusted_mutual_info_score,purity_score,silhouette_score,calinski_harabasz_score,davies_bouldin_score,time,norm_davies_bouldin_score
kampff_c28,0.23056936614325074,0.30162891383506657,0.929562318528874,0.41606326908881314,3076.861883283275,1.0496609207706094,1633.9849212169647,0.48788557651966685
kampff_c37,0.22898229866581996,0.3249585773371732,0.9263370332996973,0.49176700378766547,2368.754322357862,0.8083581591447775,301.7179009914398,0.5529877999792517
