dataset,adjusted_rand_score,adjusted_mutual_info_score,purity_score,silhouette_score,calinski_harabasz_score,davies_bouldin_score,norm_davies_bouldin_score
kampff_c28,0.23027851295431087,0.29978172987508583,0.9283793956339391,0.4153055308523417,3055.606246646874,1.05519847865575,0.4865710102384238
kampff_c37,0.23615721588233288,0.33425337320188087,0.929364278506559,0.49168671942322306,2360.420669378167,0.8082993475856722,0.5530057848746875
