dataset,adjusted_rand_score,adjusted_mutual_info_score,purity_score,silhouette_score,calinski_harabasz_score,davies_bouldin_score,time,norm_davies_bouldin_score
kampff_c28,0.6036755909089081,0.4702089100635996,0.9068717066351221,0.6795906139903802,3204.8930669630295,0.3930289440502235,53.70624594688415,0.7178601738830392
kampff_c37,0.755218845235691,0.5985151889095365,0.9487891019172553,0.7410488691854625,1914.0774617796856,0.5121618531562748,12.897676706314087,0.6613048715074646
