dataset,silhouette_score,calinski_harabasz_score,davies_bouldin_score,norm_davies_bouldin_score
m045_c0,0.4562083429334879,2879.3973112935328,1.849838844800482,0.3508970346953111
