dataset,adjusted_rand_score,adjusted_mutual_info_score,purity_score,silhouette_score,calinski_harabasz_score,davies_bouldin_score,time,norm_davies_bouldin_score
kampff_c28,0.6036755909089081,0.4702089100635996,0.9068717066351221,0.6795906139903808,3204.8930669630236,0.3930289440502242,53.770916223526,0.7178601738830389
kampff_c37,0.755218845235691,0.5985151889095366,0.9487891019172553,0.7410488691695737,1914.0774617638144,0.5121618531679766,13.425007104873657,0.6613048715023472
