dataset,silhouette_score,calinski_harabasz_score,davies_bouldin_score,norm_davies_bouldin_score
m045_c0,0.43918741816310214,5291.249785347963,1.3951419574323123,0.41751178751510826
