dataset,adjusted_rand_score,adjusted_mutual_info_score,purity_score,silhouette_score,calinski_harabasz_score,davies_bouldin_score,norm_davies_bouldin_score
Sim53,0.5190814558624237,0.6978922378861024,0.9518930957683742,0.20495872963859982,1634.1303941369447,1.6596823649839691,0.3759847465868456
Sim67,0.5739101776378674,0.7474404101488555,0.8146259998242067,0.19108310779757273,3815.895810855638,1.6984933871292576,0.37057715418892745
Sim81,0.539741866737931,0.756473155678794,0.8417538112637016,0.2610164681755436,5698.489387940763,1.4693494213537013,0.4049649641936046
Sim86,0.4317952231479255,0.6996717790575249,0.7030403697551816,0.10033584538476649,2716.964133294468,2.707531204782034,0.26972126322502255
