dataset,adjusted_rand_score,adjusted_mutual_info_score,purity_score,silhouette_score,calinski_harabasz_score,davies_bouldin_score,norm_davies_bouldin_score
kampff_c28,0.22823136725478946,0.29080428128811553,0.921927088934294,0.5072904973152004,4220.086371507401,0.8496684075922545,0.5406374439306759
kampff_c37,0.3533614688327371,0.39849652259771384,0.9556004036326943,0.5971760542689895,4186.968567249106,0.6352712023848398,0.6115193605449813
