dataset,adjusted_rand_score,adjusted_mutual_info_score,purity_score,silhouette_score,calinski_harabasz_score,davies_bouldin_score,time,norm_davies_bouldin_score
kampff_c28,0.22844254599917452,0.29085451700828957,0.921927088934294,0.5072904973152004,4220.086371507399,0.8496684075922546,0.0033203125,0.5406374439306759
kampff_c37,0.3252522146805049,0.3874351310840592,0.9543390514631686,0.5971760542689893,4186.968567249109,0.6352712023848395,0.0015597343444824219,0.6115193605449815
