dataset,adjusted_rand_score,adjusted_mutual_info_score,purity_score,silhouette_score,calinski_harabasz_score,davies_bouldin_score,time,norm_davies_bouldin_score
kampff_c28,0.22711232781639307,0.29039515204260125,0.9214969351543176,0.5072904973152004,4220.086371507399,0.8496684075922546,0.0064351558685302734,0.5406374439306759
kampff_c37,0.368012139751547,0.403683080798468,0.9558526740665994,0.5971760542689893,4186.968567249109,0.6352712023848395,0.0020940303802490234,0.6115193605449815
