dataset,silhouette_score,calinski_harabasz_score,davies_bouldin_score,norm_davies_bouldin_score
m045_c0,0.1768532641071064,4267.178678169028,2.2480018437873217,0.3078815986243263
