dataset,adjusted_rand_score,adjusted_mutual_info_score,purity_score,silhouette_score,calinski_harabasz_score,davies_bouldin_score,time,norm_davies_bouldin_score
kampff_c28,0.24466229126777317,0.3113194611332781,0.9359070867835251,0.6634805808363508,8298.666560010603,0.42847572743874274,8.286862659454346,0.700046896696663
kampff_c37,0.4027302341170608,0.4127323692645062,0.95686175580222,0.6965693685618408,6947.616881498249,0.4675677198986414,5.158646583557129,0.6813995609477331
