dataset,adjusted_rand_score,adjusted_mutual_info_score,purity_score,silhouette_score,calinski_harabasz_score,davies_bouldin_score,time,norm_davies_bouldin_score
kampff_c28,0.24301246139251018,0.3104376042236317,0.9355844714485428,0.6637265589909248,8347.878087271445,0.42651371148148043,8.547966957092285,0.7010097357995023
kampff_c37,0.3929453746397173,0.414196019982267,0.9578708375378405,0.6972499610370685,6965.888669192267,0.4679661857774581,5.582197189331055,0.6812146013229755
