dataset,adjusted_rand_score,adjusted_mutual_info_score,purity_score,silhouette_score,calinski_harabasz_score,davies_bouldin_score,time,norm_davies_bouldin_score
kampff_c28,0.020854856777999205,0.020283099805916204,0.847618023443381,0.0641805731229569,40.70352392393922,10.347449760788859,0.12984580993652345,0.08812552785697299
kampff_c37,0.04233798278059237,0.15759378533196225,0.851664984863774,0.18788398091977856,940.0636296635694,0.914375721089081,0.07397999763488769,0.5223634989640925
