dataset,adjusted_rand_score,adjusted_mutual_info_score,purity_score,silhouette_score,calinski_harabasz_score,davies_bouldin_score,time,norm_davies_bouldin_score
kampff_c28,0.02166946133719211,0.14035389260106024,0.847618023443381,0.09306761449236249,1183.5532054198789,1.388801586917208,0.1390845775604248,0.41861994963362287
kampff_c37,-0.011321494485778152,0.039420355254184504,0.851664984863774,0.037816554254223055,72.59023622442088,4.897205449057944,0.0755460262298584,0.16957184358563362
