dataset,silhouette_score,calinski_harabasz_score,davies_bouldin_score,norm_davies_bouldin_score
m045_c0,0.15482861323987326,2385.3784728098494,2.581376734548961,0.2792222304772246
