dataset,adjusted_rand_score,adjusted_mutual_info_score,purity_score,silhouette_score,calinski_harabasz_score,davies_bouldin_score,time,norm_davies_bouldin_score
kampff_c28,0.11647024181251654,0.2493506071738729,0.9065490913001398,0.36832439212171153,2975.995235171943,0.7934808590872328,63.15800037384033,0.5575749498151523
kampff_c37,0.28145239244213904,0.3717136121705219,0.9553481331987891,0.5153470046037648,2253.8048155233287,0.7451886036868142,4.038005208969116,0.5730039709676312
