dataset,adjusted_rand_score,adjusted_mutual_info_score,purity_score,silhouette_score,calinski_harabasz_score,davies_bouldin_score,norm_davies_bouldin_score
kampff_c28,0.11648839252787857,0.24935807486095823,0.9065490913001398,0.3683243921217117,2975.995235171947,0.7934808590872329,0.5575749498151522
kampff_c37,0.28145239244213904,0.3717136121705214,0.9553481331987891,0.5153470046037646,2253.8048155233278,0.7451886036868138,0.5730039709676312
