dataset,adjusted_rand_score,adjusted_mutual_info_score,purity_score,silhouette_score,calinski_harabasz_score,davies_bouldin_score,time,norm_davies_bouldin_score
kampff_c28,0.11646876939964976,0.2493498401802576,0.9065490913001398,0.3683243921217116,2975.995235171949,0.7934808590872319,67.06005191802979,0.5575749498151525
kampff_c37,0.28146905774360553,0.37112178312850636,0.9553481331987891,0.5153470046037647,2253.804815523328,0.745188603686814,3.622447967529297,0.5730039709676312
