dataset,adjusted_rand_score,adjusted_mutual_info_score,purity_score,silhouette_score,calinski_harabasz_score,davies_bouldin_score,norm_davies_bouldin_score
kampff_c28,0.11915825474565667,0.25288585749403586,0.9069792450801162,0.5689219,7046.142586638156,0.48805399968128677,0.6720186231240138
kampff_c37,0.2737356970118863,0.3690148873621129,0.9455095862764884,0.5896866,4480.07874653933,0.4795499409343514,0.6758812070706376
