dataset,adjusted_rand_score,adjusted_mutual_info_score,purity_score,silhouette_score,calinski_harabasz_score,davies_bouldin_score,time,norm_davies_bouldin_score
kampff_c28,0.23675091596133824,0.32321780637561043,0.9442950854930637,0.5696795582771301,7116.401482584789,0.48616668557643455,2.699951171875,0.6728720336051224
kampff_c37,0.2763786005399981,0.37100769131926925,0.9467709384460141,0.5917300581932068,4480.619513835808,0.4761223795436218,1.1543328762054443,0.677450605626055
