dataset,adjusted_rand_score,adjusted_mutual_info_score,purity_score,silhouette_score,calinski_harabasz_score,davies_bouldin_score,time,norm_davies_bouldin_score
kampff_c28,0.23669529397305478,0.32215006864501905,0.9435423163781052,0.5698747634887695,7037.404834130157,0.4874021715912112,1.72264404296875,0.6723131235785462
kampff_c37,0.27987612674999907,0.3710689233852575,0.9460141271442987,0.5887840390205383,4420.2134299049785,0.47653700321981374,0.7883165359497071,0.6772603719509553
