dataset,adjusted_rand_score,adjusted_mutual_info_score,purity_score,silhouette_score,calinski_harabasz_score,davies_bouldin_score,norm_davies_bouldin_score
kampff_c28,0.1117884396990704,0.24697857247776703,0.9016023228304119,0.32678598,3389.9427025104173,0.8647828043777102,0.5362554811490265
kampff_c37,0.2114453740934557,0.31227386804284835,0.9104439959636731,0.39219174,2124.5131168440557,0.6991706459142428,0.5885224079197459
