dataset,adjusted_rand_score,adjusted_mutual_info_score,purity_score,silhouette_score,calinski_harabasz_score,davies_bouldin_score,time,norm_davies_bouldin_score
kampff_c28,0.11110265523934665,0.24619432503302088,0.9008495537154533,0.3265046179294586,3402.015098621826,0.8608102060997345,13.391443014144897,0.5374003198832427
kampff_c37,0.20232090008139283,0.30496583464173554,0.9048940464177598,0.4080994129180908,2276.5385407855015,0.6736491044082926,4.496606826782227,0.5974968094363742
