dataset,silhouette_score,calinski_harabasz_score,davies_bouldin_score,norm_davies_bouldin_score
m045_c0,0.046286120065034256,3403.833350452148,2.554271736610265,0.2813515887656095
