dataset,adjusted_rand_score,adjusted_mutual_info_score,purity_score,silhouette_score,calinski_harabasz_score,davies_bouldin_score,time,norm_davies_bouldin_score
kampff_c28,0.11031458213076069,0.24529980227477619,0.8999892461555006,0.3261224031448364,3367.3993299423473,0.8673510490201518,14.278289461135865,0.5355179469466795
kampff_c37,0.19857698872763271,0.29816522930709466,0.9011099899091827,0.39793843030929565,2184.4158033619883,0.6871460812410163,4.696204996109008,0.5927169028922669
