dataset,silhouette_score,calinski_harabasz_score,davies_bouldin_score,norm_davies_bouldin_score
m045_c0,0.052297079276516396,3025.977768235703,2.872134489191901,0.25825549262073694
