dataset,adjusted_rand_score,adjusted_mutual_info_score,purity_score,silhouette_score,calinski_harabasz_score,davies_bouldin_score,norm_davies_bouldin_score
kampff_c28,0.1182544233956488,0.2522184711742163,0.9069792450801162,0.6246588,9128.739265476994,0.4122897555284317,0.7080699949040085
kampff_c37,0.27198569486458657,0.3632017104337539,0.9457618567103936,0.51841193,3483.8497335923676,0.5498350596530387,0.6452299512593745
