dataset,adjusted_rand_score,adjusted_mutual_info_score,purity_score,silhouette_score,calinski_harabasz_score,davies_bouldin_score,time,norm_davies_bouldin_score
kampff_c28,0.1181110349719475,0.2521623244563177,0.9068717066351221,0.6272215247154236,9287.660468181037,0.40514082276107644,16.063411951065063,0.7116724415101812
kampff_c37,0.270685931112477,0.3655617532431735,0.9470232088799193,0.527644157409668,3582.2996872441286,0.5447319803845745,13.050566911697388,0.6473614922836266
