dataset,adjusted_rand_score,adjusted_mutual_info_score,purity_score,silhouette_score,calinski_harabasz_score,davies_bouldin_score,time,norm_davies_bouldin_score
kampff_c28,0.11846796955963249,0.2522059300862708,0.9068717066351221,0.6335996389389038,9266.171431236035,0.395106367275121,9.593969058990478,0.7167912235632394
kampff_c37,0.2734318291921181,0.3674537601146905,0.9472754793138244,0.526137113571167,3559.747036468546,0.5455774814872761,11.726255750656128,0.6470073561357282
