dataset,adjusted_rand_score,adjusted_mutual_info_score,purity_score,silhouette_score,calinski_harabasz_score,davies_bouldin_score,norm_davies_bouldin_score
kampff_c28,0.22528238302830697,0.06798052371260964,0.847618023443381,0.5080439722144601,4.191165419022477,23.006883123458998,0.04165472022575151
kampff_c37,0.05869495983017921,0.014847331570310951,0.851664984863774,0.5004913112506597,0.9445630133919689,15.929306094353302,0.0590691664753788
