dataset,adjusted_rand_score,adjusted_mutual_info_score,purity_score,silhouette_score,calinski_harabasz_score,davies_bouldin_score,norm_davies_bouldin_score
kampff_c28,0.22745946171099385,0.28908904570231814,0.9278417034089687,0.4226837698906767,2558.113819146335,1.1823860930800825,0.458214063575095
kampff_c37,0.2561903098085838,0.34259249750545184,0.9475277497477296,0.485253143090373,1784.7688704670015,0.9923867247398205,0.501910591745479
