dataset,adjusted_rand_score,adjusted_mutual_info_score,purity_score,silhouette_score,calinski_harabasz_score,davies_bouldin_score,norm_davies_bouldin_score
kampff_c28,0.22433360208150394,0.28300065577060307,0.9124637057748145,0.36975468552543145,2489.8887384349387,1.0187665567637603,0.4953519745260085
kampff_c37,0.26100891211571486,0.35286655880602374,0.9472754793138244,0.4789261115479413,1767.4933850988368,0.9073524090293211,0.5242869620034791
