dataset,adjusted_rand_score,adjusted_mutual_info_score,purity_score,silhouette_score,calinski_harabasz_score,davies_bouldin_score,norm_davies_bouldin_score
kampff_c28,0.6016984691655357,0.46746087092707056,0.906764168190128,0.6795906139903811,3204.893066963061,0.39302894405021666,0.7178601738830428
kampff_c37,0.755218845235691,0.5985151889095363,0.9487891019172553,0.7410488691478266,1914.0774617417092,0.5121618531308253,0.6613048715185943
