dataset,adjusted_rand_score,adjusted_mutual_info_score,purity_score,silhouette_score,calinski_harabasz_score,davies_bouldin_score,norm_davies_bouldin_score
kampff_c28,0.24762261960474902,0.31101652634109295,0.9350467792235724,0.6664277959824843,8508.091095928588,0.42013126203024864,0.7041602609116425
kampff_c37,0.39886272742827394,0.4141540608095223,0.9571140262361252,0.695169889742415,6925.787498640403,0.4650707086663731,0.6825609126472002
