dataset,adjusted_rand_score,adjusted_mutual_info_score,purity_score,silhouette_score,calinski_harabasz_score,davies_bouldin_score,norm_davies_bouldin_score
kampff_c28,0.04122558825279075,0.17144018677107753,0.847618023443381,0.16153556368810987,1966.9546838951035,0.96681856166728,0.5084353073993241
kampff_c37,-0.0013642683027116419,0.06307996234376925,0.851664984863774,0.059569268144492704,136.34829313187703,3.4852062545890057,0.22295518717268742
